"return_id","return_date","return_reference","original_sale_id","customer_id","customer_name","warehouse_id","warehouse_name","product_id","product_code","product_name","return_quantity","unit_price","net_unit_price","return_amount","sale_status","payment_status","grand_total"
"90","2026-08-28 22:34:11","SALE/POS/2026/08/0071","91","1","Walk-in Customer","1","Warehouse 1","553","PA-0056","Maria B Luxury Embroidered Lawn 3Pc Unstitched Suit MPT - 3010 - B PA-0056","1.0000","5350.0000","5350.0000","5350.00000000","completed","paid","5350.0000"
"92","2026-08-28 23:18:51","SALE/POS/2026/08/0072","100","1","Walk-in Customer","1","Warehouse 1","23634","QLMKR-KL-15-IRIS-U","Qalamkar - KL-15 IRIS | Lawn Embroidered 3 Piece Unstitched","1.0000","5907.5000","5907.5000","5907.50000000","completed","paid","13430.5000"
"92","2026-08-28 23:18:51","SALE/POS/2026/08/0072","100","1","Walk-in Customer","1","Warehouse 1","18112","SQ-02-L","Parishay - SQ-02 - Luxury Lawn Embroidered 3 Piece Unstitched","1.0000","7523.0000","7523.0000","7523.00000000","completed","paid","13430.5000"
"93","2026-08-28 23:40:40","SALE/POS/2026/08/0073","101","1","Walk-in Customer","1","Warehouse 1","18084","D-2605-A-L","Maria.B Luxury Embroidered Jacquard Lawn Unstitched 3Pc Suit D-2605-A","1.0000","8550.0000","8550.0000","8550.00000000","completed","paid","8550.0000"
"95","2026-08-28 23:59:53","SALE/POS/2026/08/0075","96","1","Walk-in Customer","1","Warehouse 1","771","PA-0073-U","Saad Bin Shahzad Luxury Net Embroidered 3Pc Unstitched Suit Rina","1.0000","26000.0000","26000.0000","26000.00000000","completed","paid","26000.0000"
"103","2026-08-29 01:12:37","SALE/POS/2026/08/0080","143","1","Walk-in Customer","1","Warehouse 1","23630","HR-BLOOM-U","Hussain Rehar Luxury Lawn Embroidered Unstitched Suit BLOOM","1.0000","6850.0000","6850.0000","6850.00000000","completed","paid","17450.0000"
"103","2026-08-29 01:12:37","SALE/POS/2026/08/0080","143","1","Walk-in Customer","1","Warehouse 1","23466","AS-IF-U","Alizay Saad Luxury Raw Silk Embroidered 3 Piece Unstitched - Ivories Festive","1.0000","5500.0000","5500.0000","5500.00000000","completed","paid","17450.0000"
"103","2026-08-29 01:12:37","SALE/POS/2026/08/0080","143","1","Walk-in Customer","1","Warehouse 1","18097","NEL-26602-U","Zaib - Luxury Lawn Embroidered 3 Piece Unstitched - NEL-26602","1.0000","5100.0000","5100.0000","5100.00000000","completed","paid","17450.0000"
"108","2026-08-29 17:44:45","SALE/POS/2026/08/0085","109","1","Walk-in Customer","1","Warehouse 1","486","PA-0001","Haris Shakeel Luxury Raw Silk Embroidered 3Pc Unstitched PA-0001","1.0000","20825.0000","20825.0000","20825.00000000","completed","paid","20825.0000"
"111","2026-08-29 18:04:37","SALE/POS/2026/08/0087","115","1","Walk-in Customer","1","Warehouse 1","23462","HS-AROHA-U","Haris Shakeel Luxury Formals Hand Embellished Addawork Wedding Collection-Tobbaco & Purple","1.0000","11760.0000","11760.0000","11760.00000000","completed","paid","11760.0000"
"112","2026-08-29 18:06:56","SALE/POS/2026/08/0088","116","1","Walk-in Customer","1","Warehouse 1","486","PA-0001","Haris Shakeel Luxury Raw Silk Embroidered 3Pc Unstitched PA-0001","1.0000","20825.0000","20825.0000","20825.00000000","completed","paid","20825.0000"
"113","2026-08-29 18:07:58","SALE/POS/2026/08/0089","117","1","Walk-in Customer","1","Warehouse 1","486","PA-0001","Haris Shakeel Luxury Raw Silk Embroidered 3Pc Unstitched PA-0001","1.0000","20825.0000","20825.0000","20825.00000000","completed","paid","20825.0000"
"114","2026-08-29 18:09:12","SALE/POS/2026/08/0090","141","1","Walk-in Customer","1","Warehouse 1","23462","HS-AROHA-U","Haris Shakeel Luxury Formals Hand Embellished Addawork Wedding Collection-Tobbaco & Purple","1.0000","14700.0000","14700.0000","14700.00000000","completed","paid","11760.0000"
"119","2026-08-29 19:18:35","SALE/POS/2026/08/0092","120","1","Walk-in Customer","1","Warehouse 1","23575","IZK-UE-620-U","Iznik Luxury Embroidered Silk 3Pc Unstitched Suit UE - 620","1.0000","5822.5000","5822.5000","5822.50000000","completed","paid","19414.0000"
"119","2026-08-29 19:18:35","SALE/POS/2026/08/0092","120","1","Walk-in Customer","1","Warehouse 1","23563","CHRZMA-DJ5-08-U","Charizma - Dastan-E-Jashan - Embroidered Chiffon Unstitched 3 Piece DJ5-08","1.0000","6500.8000","6500.8000","6500.80000000","completed","paid","19414.0000"
"119","2026-08-29 19:18:35","SALE/POS/2026/08/0092","120","1","Walk-in Customer","1","Warehouse 1","23561","MB-D-2605-A-U","Maria.B Luxury Embroidered Jacquard Lawn Unstitched 3Pc Suit D-2605-A","1.0000","7090.7000","7090.7000","7090.70000000","completed","paid","19414.0000"
"126","2026-08-29 21:08:38","SALE/POS/2026/08/0098","198","23","Maham","1","Warehouse 1","23647","PA-0066-S","Zara Shahjahan Luxury Embroidered Lawn 3Pc Unstitched/SUtitched Suit RAQSAA PA-0066-S","1.0000","7600.7000","7600.7000","7600.70000000","completed","paid","7600.7000"
"134","2026-08-29 23:45:47","SALE/POS/2026/08/0106","150","1","Walk-in Customer","1","Warehouse 1","23587","Pakeeza-Dark-Blue","Pakeeza Dark Blue Luxury Embroidered Lawn 3Pc Unstitched Suit","1.0000","4556.0000","4556.0000","4556.00000000","completed","paid","4556.0000"
"140","2026-08-30 02:48:56","SALE/POS/2026/08/0112","194","1","Walk-in Customer","1","Warehouse 1","23589","Rang-Rasiya-AYLA","Rang Rasiya Luxury Embroidered Lawn Unstitched 3Pc Suit-AYLA","1.0000","7335.0000","7335.0000","7335.00000000","completed","paid","14580.0000"
"140","2026-08-30 02:48:56","SALE/POS/2026/08/0112","194","1","Walk-in Customer","1","Warehouse 1","18098","NEL-26602-S","Zaib - Luxury Lawn Embroidered 3 Piece Unstitched - NEL-26602","1.0000","7245.0000","7245.0000","7245.00000000","completed","paid","14580.0000"
"144","2026-08-30 18:43:36","SALE/POS/2026/08/0114","145","1","Walk-in Customer","1","Warehouse 1","753","PA-0076","Ethnc Luxury Silk Embroidered 3Pc Unstitched Suit PA 0076","1.0000","7150.2000","7150.2000","7150.20000000","completed","paid","7150.2000"
"167","2026-08-31 01:36:12","SALE/POS/2026/08/0135","190","1","Walk-in Customer","1","Warehouse 1","753","PA-0076","Ethnc Luxury Silk Embroidered 3Pc Unstitched Suit PA 0076","1.0000","7150.3900","7150.3900","7150.39000000","completed","paid","7150.3900"
"255","2026-09-05 21:56:33","SALE/POS/2026/09/0200","330","1","Walk-in Customer","1","Warehouse 1","20134","BD-3005-Ferozi-U","Maria.B Luxury Chiffon Embroidered Unstitched Collection BD-3005 Ferozi","1.0000","16800.0000","16800.0000","16800.00000000","completed","paid","47650.0000"
"255","2026-09-05 21:56:33","SALE/POS/2026/09/0200","330","1","Walk-in Customer","1","Warehouse 1","23891","P-SG-U","Poshkari Luxury Velvet Embroidered Collection Maroon Majesty (aneelas ) sea green","1.0000","11350.0000","11350.0000","11350.00000000","completed","paid","47650.0000"
"255","2026-09-05 21:56:33","SALE/POS/2026/09/0200","330","1","Walk-in Customer","1","Warehouse 1","23510","SRA-PINK-U","SRA Melodic Tassels Hand Made Embroidered Raw Silk Unstitched Melodic","1.0000","19500.0000","19500.0000","19500.00000000","completed","paid","47650.0000"
"266","2026-09-06 02:00:08","SALE/POS/2026/09/0211","422","1","Walk-in Customer","1","Warehouse 1","23801","PTA-0053-m","Pehnawa Luxury Raw Silk PTA-0053-m","1.0000","15500.0000","15500.0000","15500.00000000","completed","paid","15500.0000"
"274","2026-09-07 22:35:50","SALE/POS/2026/09/0219","324","1","Walk-in Customer","1","Warehouse 1","18036","EC-135-U","Hussain Rehar Raw Silk Unstitched Collection LUCENT EC 135 Formal Raw Silk","1.0000","8950.0000","8950.0000","8950.00000000","completed","paid","8950.0000"
"276","2026-09-07 23:33:18","SALE/POS/2026/09/0221","284","1","Walk-in Customer","1","Warehouse 1","18054","MPC-26-102-S","Maria B Luxury Pure Chiffon Embroidered Unstitched 3PC Suit MPC-26-102-Muted Mocha Brown","1.0000","14400.0000","14400.0000","14400.00000000","completed","paid","14400.0000"
"280","2026-09-08 02:36:53","SALE/POS/2026/09/0225","310","1","Walk-in Customer","1","Warehouse 1","23563","CHRZMA-DJ5-08-U","Charizma - Dastan-E-Jashan - Embroidered Chiffon Unstitched 3 Piece DJ5-08","1.0000","7650.0000","7650.0000","7650.00000000","completed","paid","7650.0000"
"325","2026-09-11 20:51:05","SALE/POS/2026/09/0267","327","1","Walk-in Customer","1","Warehouse 1","23527","NA-MN-U","Nomi Ansari Luxury Raw Silk Embroidered Unstitched 3PC Suit-Maryum Nawaz","1.0000","29500.0000","29500.0000","29500.00000000","completed","paid","29500.0000"
"342","2026-09-12 20:43:41","SALE/POS/2026/09/0282","475","1","Walk-in Customer","1","Warehouse 1","594","PA-0082","Soraya Luxury Organza Embroidered Unstitched 3PC Suit - SEHR","1.0000","7450.0000","7450.0000","7450.00000000","completed","paid","45790.0000"
"342","2026-09-12 20:43:41","SALE/POS/2026/09/0282","475","1","Walk-in Customer","1","Warehouse 1","18036","EC-135-U","Hussain Rehar Raw Silk Unstitched Collection LUCENT EC 135 Formal Raw Silk","1.0000","8950.0000","8950.0000","8950.00000000","completed","paid","45790.0000"
"342","2026-09-12 20:43:41","SALE/POS/2026/09/0282","475","1","Walk-in Customer","1","Warehouse 1","23531","SORAYA-ANNE-U","Soraya ANNE Net Hand Embellished & Embroidered Maxi - J0218","1.0000","31800.0000","31800.0000","31800.00000000","completed","paid","45790.0000"
"352","2026-09-13 00:11:22","SALE/POS/2026/09/0292","386","1","Walk-in Customer","1","Warehouse 1","23543","MB-GREEN-U","Maria.B Luxury Raw Silk Embroidered 3 Piece Unstitched Green","1.0000","5842.5000","5842.5000","5842.50000000","completed","paid","5842.5000"
"358","2026-09-13 00:59:28","SALE/POS/2026/09/0298","380","1","Walk-in Customer","1","Warehouse 1","23693","PTA-0010-M","Pehnawa Luxury Lawn PTA-0010-M","1.0000","7150.0000","7150.0000","7150.00000000","completed","paid","13320.0000"
"358","2026-09-13 00:59:28","SALE/POS/2026/09/0298","380","1","Walk-in Customer","1","Warehouse 1","23772","PTA-0041-L","PEHNAWA LUXURY LAWN PTA-0041-L","1.0000","7650.0000","7650.0000","7650.00000000","completed","paid","13320.0000"
"365","2026-09-13 23:13:50","SALE/POS/2026/09/0305","373","1","Walk-in Customer","1","Warehouse 1","23913","SHAM-U","Hussain Rehar Sham Luxury Net Embroidered 3Pc Unstitched Suit Dusty Pink","1.0000","9500.0000","9500.0000","9500.00000000","completed","paid","16292.5000"
"365","2026-09-13 23:13:50","SALE/POS/2026/09/0305","373","1","Walk-in Customer","1","Warehouse 1","23563","CHRZMA-DJ5-08-U","Charizma - Dastan-E-Jashan - Embroidered Chiffon Unstitched 3 Piece DJ5-08","1.0000","7650.0000","7650.0000","7650.00000000","completed","paid","16292.5000"
"384","2026-09-15 21:23:16","SALE/POS/2026/09/0322","403","1","Walk-in Customer","1","Warehouse 1","24275","SH-9190195757277-47003167195357","Baroque Luxury Silk Embroidered 3 Piece Unstitched SF-4036","1.0000","11700.0000","11700.0000","11700.00000000","completed","partial","41200.0000"
"384","2026-09-15 21:23:16","SALE/POS/2026/09/0322","403","1","Walk-in Customer","1","Warehouse 1","23486","HR-RAKS-U","Hussain Rehar Luxury Raw Silk Embroidered 3Pc Unstitched Suit Raks","1.0000","29500.0000","29500.0000","29500.00000000","completed","partial","41200.0000"
"394","2026-09-16 18:55:50","SALE/POS/2026/09/0331","480","70","RUBINA 1","1","Warehouse 1","23836","MK-ZN-U","Zahe Naseeb - Mina Kashif","2.0000","10750.0000","10750.0000","21500.00000000","completed","paid","21500.0000"
"395","2026-09-16 18:57:00","SALE/POS/2026/09/0332","479","70","RUBINA 1","1","Warehouse 1","23836","MK-ZN-U","Zahe Naseeb - Mina Kashif","1.0000","10750.0000","10750.0000","10750.00000000","completed","paid","10750.0000"
"396","2026-09-16 19:00:00","SALE/POS/2026/09/0333","470","70","RUBINA 1","1","Warehouse 1","23836","MK-ZN-U","Zahe Naseeb - Mina Kashif","1.0000","10750.0000","10750.0000","10750.00000000","completed","paid","10750.0000"
"438","2026-09-19 19:55:39","SALE/POS/2026/09/0373","458","111","siya 456","1","Warehouse 1","24419","PA-126","Zainab Shamsi Studio Luxury Raw Silk Embroidered 3Pc Unstitched The Ayla Set PA-126","1.0000","6950.0000","6950.0000","6950.00000000","completed","paid","13500.0000"
"438","2026-09-19 19:55:39","SALE/POS/2026/09/0373","458","111","siya 456","1","Warehouse 1","23894","LSR-NT-U","Lulusar - Namil Top","1.0000","6550.0000","6550.0000","6550.00000000","completed","paid","13500.0000"
"446","2026-09-19 23:55:55","SALE/POS/2026/09/0381","455","119","tasleem","1","Warehouse 1","23743","PTA-0026-M","Pehnawa Luxury Lawn PTA-0026-M","1.0000","6800.0000","6800.0000","6800.00000000","completed","paid","6800.0000"
"449","2026-09-20 00:30:33","SALE/POS/2026/09/0384","452","122","Travor","1","Warehouse 1","23542","BI-D-607-U","Bin Ilyas Wedding Festive Luxury Raw Silk Collection D-607","1.0000","11950.0000","11950.0000","11950.00000000","completed","paid","22450.0000"
"449","2026-09-20 00:30:33","SALE/POS/2026/09/0384","452","122","Travor","1","Warehouse 1","23832","Pinar-U","Maria.B Pinar","1.0000","10500.0000","10500.0000","10500.00000000","completed","paid","22450.0000"
"463","2026-09-21 23:48:20","SALE/POS/2026/09/0395","536","128","Waqar manzoor 12415","1","Warehouse 1","525","PA-0032-U","Ethnc Luxury Silk Embroidered 3Pc Unstitched Suit Nainpreet PA-0032","1.0000","7800.0000","7800.0000","7800.00000000","completed","paid","7800.0000"
"468","2026-09-22 02:58:51","SALE/POS/2026/09/0400","478","133","asif ali ","1","Warehouse 1","24317","PA-128","Iznik UE-620-B Luxury Embroidered Chiffon 3Pc Unstitched Suit PA-128","1.0000","6850.0000","6850.0000","6850.00000000","completed","paid","6850.0000"
"486","2026-09-23 21:31:38","SALE/POS/2026/09/0413","573","146","SHAZIA 151","1","Warehouse 1","24317","PA-128","Iznik UE-620-B Luxury Embroidered Chiffon 3Pc Unstitched Suit PA-128","1.0000","6650.0000","6650.0000","6650.00000000","completed","paid","55000.0000"
"486","2026-09-23 21:31:38","SALE/POS/2026/09/0413","573","146","SHAZIA 151","1","Warehouse 1","23907","PA-126-U","Zainab Shamsi Studio Luxury Raw Silk Embroidered 3Pc Unstitched The Ayla Set PA-126","1.0000","6750.0000","6750.0000","6750.00000000","completed","paid","55000.0000"
"486","2026-09-23 21:31:38","SALE/POS/2026/09/0413","573","146","SHAZIA 151","1","Warehouse 1","18083","D-2605-A-M","Maria.B Luxury Embroidered Jacquard Lawn Unstitched 3Pc Suit D-2605-A","1.0000","9850.0000","9850.0000","9850.00000000","completed","paid","55000.0000"
"486","2026-09-23 21:31:38","SALE/POS/2026/09/0413","573","146","SHAZIA 151","1","Warehouse 1","24653","MCS-26-108-L","Maria.B MPC-26-108","1.0000","13750.0000","13750.0000","13750.00000000","completed","paid","55000.0000"
"486","2026-09-23 21:31:38","SALE/POS/2026/09/0413","573","146","SHAZIA 151","1","Warehouse 1","23661","PTA-0002-M","Pehnawa Luxury Lawn PTA-0002-M","1.0000","8750.0000","8750.0000","8750.00000000","completed","paid","55000.0000"
"486","2026-09-23 21:31:38","SALE/POS/2026/09/0413","573","146","SHAZIA 151","1","Warehouse 1","23762","PTA-0036-M","PEHNAWA LUXURY LAWN PTA-0036-M","1.0000","9250.0000","9250.0000","9250.00000000","completed","paid","55000.0000"
"500","2026-09-25 01:06:19","SALE/POS/2026/09/0427","555","155","Barkat Ali","1","Warehouse 1","19038","S-02-U","Mahnur - Luxury Lawn Embroidered 3 Piece - S-02","1.0000","7077.5000","7077.5000","7077.50000000","completed","partial","20454.8000"
"500","2026-09-25 01:06:19","SALE/POS/2026/09/0427","555","155","Barkat Ali","1","Warehouse 1","23543","MB-GREEN-U","Maria.B Luxury Raw Silk Embroidered 3 Piece Unstitched Green","1.0000","5842.5000","5842.5000","5842.50000000","completed","partial","20454.8000"
"500","2026-09-25 01:06:19","SALE/POS/2026/09/0427","555","155","Barkat Ali","1","Warehouse 1","23584","FS-ASJA-U","AYA Embroidered Luxury Lawn Unstitched 3Pc Suit - ASJA","1.0000","7534.8000","7534.8000","7534.80000000","completed","partial","20454.8000"
"526","2026-09-27 00:33:07","SALE/POS/2026/09/0453","527","181","Ahmed","1","Warehouse 1","24325","PA-135-U","Poshkari Ethnc Luxury Silk Embroidered 3Pc Unstitched PA-135","1.0000","7650.0000","7650.0000","7650.00000000","completed","paid","7650.0000"
"544","2026-09-27 07:23:42","SALE/POS/2026/09/0469","551","193","ZIA 11","1","Warehouse 1","23802","PTA-0053-L","Pehnawa Luxury Raw Silk PTA-0053-L","1.0000","16500.0000","16500.0000","16500.00000000","completed","paid","16500.0000"
"579","2026-10-01 02:58:10","SALE/POS/2026/09/0501","598","220","YOUNUS INAYAT","1","Warehouse 1","25078","PA-173","Suffuse IRIS Couture - Medea Luxury Net Embroidered 3Pc Unstitched Suit PA-173","1.0000","28300.0000","28300.0000","28300.00000000","completed","partial","28300.0000"
