"customer_id","transactional_account_id","name","company","contact_person","phone","email","nic_ntn","vat_no","address","city","state","postal_code","country","customer_group_name","payment_term","deposit_amount","award_points"
"204","1130172","0","0","nadeem 10","03333461973",,,NULL,,,NULL,NULL,NULL,"General","0",NULL,"1"
"114","1130087","Abdul basit ","Abdul basit ",NULL,"03132442572",,NULL,,,,,,,"General","0",NULL,"1"
"47","1130026","ABDUL MAJEED","ABDUL MAJEED",NULL,"032216141",,NULL,,,,,,,"General","0",NULL,"1"
"115","1130086","abidin 1212","abidin 1212",NULL,"03452958527",,NULL,,,,,,,"General","0",NULL,"1"
"205","1130174","ADEEL 11","ADEEL 11",,"03357193451",,,NULL,,,NULL,NULL,NULL,"General","0",NULL,"2"
"153","1130123","adnan","adnan",NULL,"0326360834",,NULL,,,,,,,"General","0",NULL,"0"
"22",NULL,"Ahmed","Ahmed",NULL,"03462407602",,NULL,,,,,,,"General","0",NULL,"0"
"181","1130149","Ahmed","Ahmed",,"03002249034",,,NULL,,,NULL,NULL,NULL,"General","0",NULL,"0"
"110","1130082","AHMED  111","AHMED  111",NULL,"03338240809",,NULL,,,,,,,"General","0",NULL,"1"
"156","1130126","Ahmed Ali","Ahmed Ali",NULL,"03003123256",,NULL,,,,,,,"General","0",NULL,"2"
"162","1130132","Ahmed Ali","Ahmed Ali",,"03003123256",,,NULL,,,NULL,NULL,NULL,"General","0",NULL,"0"
"240","1130209","Ali 2","Ali 2",,"03102919487",,,NULL,,,NULL,NULL,NULL,"General","0",NULL,"1"
"18","1130004","ALI HAMZA","ALI HAMZA",NULL,"03332757629",,NULL,,,,,,,"General","0",NULL,"0"
"164","1130134","alieesha 11","alieesha 11","alieesha 11","03316075267",,,NULL,,,NULL,NULL,NULL,"General","0",NULL,"2"
"116","1130088","amir raza 23163","amir raza 23163",NULL,"03340224424",,NULL,,,,,,,"General","0",NULL,"4"
"82","1130055","AMJAD ALI  11","AMJAD ALI  11",NULL,"03142278544",,NULL,,,,,,,"General","0",NULL,"0"
"89","1130063","ammara 11","ammara 11",NULL,"03232904066",,NULL,,,,,,,"General","0",NULL,"1"
"76","1130050","ANAS 1","ANAS 1","392838","03",,,,,,,,,"General","0",NULL,"1"
"86","1130059","ANMOL 111","ANMOL 111",NULL,"03342270273",,NULL,,,,,,,"General","0",NULL,"1"
"169","1130139","Aqeel-Aqeel-1","Aqeel-Aqeel-1",,,,,NULL,,,NULL,NULL,NULL,"General","0",NULL,"0"
"95","1130068","aqsa 311","aqsa 311",NULL,"03112804607",,NULL,,,,,,,"General","0",NULL,"0"
"58","1130037","ARAAST","ARAAST","3288382723","03111124472",,"w9e3893",,,,,,,"General","0",NULL,"0"
"157","1130127","areeba quraeshi","areeba quraeshi",NULL,"03102053316",,NULL,,,,,,,"General","0",NULL,"2"
"41",NULL,"ARIF","ARIF",NULL,"03232130535",,NULL,,,,,,,"General","0",NULL,"0"
"196","1130164","Arif","Arif",,"03002437983",,,NULL,,,NULL,NULL,NULL,"General","0",NULL,"0"
"192","1130160","ARSALAN ","ARSALAN",,"03323229706",,,NULL,,,NULL,NULL,NULL,"General","0",NULL,"1"
"59","1130038","ARSHIL","ARSHIL","27657","03002151653",,"o387",,,,,,,"General","0",NULL,"2"
"132","1130104","Asad ","Asad ",NULL,"03070258400",,NULL,,,,,,,"General","0",NULL,"1"
"120","1130093","asad sahitu","asad sahitu",NULL,"03022137868",,NULL,,,,,,,"General","0",NULL,"3"
"113","1130085","Ashiq hussain ","Ashiq hussain ",NULL,"03012006453",,NULL,,,,,,,"General","0",NULL,"0"
"133","1130105","asif ali ","asif ali ",NULL,"03337905260",,NULL,,,,,,,"General","0",NULL,"0"
"137","1130109","Asif iqbal","Asif iqbal",NULL,"03342556030",,NULL,,,,,,,"General","0",NULL,"0"
"198","1130166","Aslam","Aslam",,"03012228037",,,NULL,,,NULL,NULL,NULL,"General","0",NULL,"0"
"94","1130067","Asra 41","Asra 41",NULL,"03342383063",,NULL,,,,,,,"General","0",NULL,"0"
"200","1130168","Athiya","Athiya",,"03323291367",,,NULL,,,NULL,NULL,NULL,"General","0",NULL,"0"
"117","1130089","aysha 545","aysha 545",NULL,"00",,NULL,,,,,,,"General","0",NULL,"1"
"229","1130198","aysha amir","aysha amir",,"03353292165",,,NULL,,,NULL,NULL,NULL,"General","0",NULL,"0"
"176","1130145","Azeem","Azeem",,"03328738774",,,NULL,,,NULL,NULL,NULL,"General","0",NULL,"0"
"212","1130181","barkat 11","barkat 11",,"03428782819",,,NULL,,,NULL,NULL,NULL,"General","0",NULL,"0"
"155","1130125","Barkat Ali","Barkat Ali",NULL,"03332266017",,NULL,,,,,,,"General","0",NULL,"2"
"90",NULL,"basit 111","basit 111",NULL,"03158063039",,NULL,,,,,,,"General","0",NULL,"0"
"46","1130025","BILAL","BILAL",NULL,"03100002133",,NULL,,,,,,,"General","0",NULL,"0"
"78",NULL,"BILAL","BILAL",NULL,"03222767106",,NULL,,,,,,,"General","0",NULL,"0"
"161","1130131","Dania","Dania",,"00",,,NULL,,,NULL,NULL,NULL,"General","0",NULL,"0"
"214","1130183","Danish","Danish",,"03180357082",,,NULL,,,NULL,NULL,NULL,"General","0",NULL,"1"
"231","1130200","danish 11","danish 11",,"03327882146",,,NULL,,,NULL,NULL,NULL,"General","0",NULL,"0"
"215","1130184","DUA 11","DUA 11",,"03352323602",,,NULL,,,NULL,NULL,NULL,"General","0",NULL,"0"
"175","1130144","Dua Zehra","Dua Zehra",,"03363419311",,,NULL,,,NULL,NULL,NULL,"General","0",NULL,"2"
"45","1130024","FAHEEM 1","FAHEEM 1",NULL,"03226165891",,NULL,,,,,,,"General","0",NULL,"1"
"154","1130124","Faisal","Faisal",NULL,"03332473631",,NULL,,,,,,,"General","0",NULL,"1"
"227","1130196","Faiza ","Faiza",,"03332258487",,,NULL,,,NULL,NULL,NULL,"General","0",NULL,"0"
"91","1130065","falak 112","falak 112",NULL,"0306023622",,NULL,,,,,,,"General","0",NULL,"1"
"241","1130210","faraz ali 11","faraz ali 11",,"03332197138",,,NULL,,,NULL,NULL,NULL,"General","0",NULL,"1"
"30","1130014","Fatima","Fatima",NULL,"03471007749",,NULL,,,,,,,"General","0",NULL,"1"
"50","1130029","Fatima","Fatima",NULL,"03327331563",,NULL,,,,,,,"General","0",NULL,"0"
"150","1130120","fatima 11","fatima 11",NULL,"03003756617",,NULL,,,,,,,"General","0",NULL,"0"
"96","1130069","fatima 852","fatima 852",NULL,"03013337161",,NULL,,,,,,,"General","0",NULL,"1"
"57","1130036","fATIMA kHAN","fATIMA kHAN",NULL,"03112928667",,NULL,,,,,,,"General","0",NULL,"1"
"171","1130140","Fiza","Fiza",,"03330257683",,,NULL,,,NULL,NULL,NULL,"General","0",NULL,"1"
"201","1130169","Gaytri","Gaytri",,"03103658441",,,NULL,,,NULL,NULL,NULL,"General","0",NULL,"2"
"127","1130099","Govinder","Govinder",NULL,"03120306624",,NULL,,,,,,,"General","0",NULL,"2"
"251","1130220","Gulam Mustafa ","Gulam Mustafa",,"03342068158",,,NULL,,,NULL,NULL,NULL,"General","0",NULL,"1"
"187","1130155","hafiz adnan","hafiz adnan",,"03212848088",,,NULL,,,NULL,NULL,NULL,"General","0",NULL,"0"
"31","1130015","Hamza","Hamza",NULL,"03213894686",,NULL,,,,,,,"General","0",NULL,"1"
"195","1130163","Haroon","Haroon",,"03222233076",,,NULL,,,NULL,NULL,NULL,"General","0",NULL,"0"
"248","1130217","hassan","hassan",,"03361204794",,,NULL,,,NULL,NULL,NULL,"General","0",NULL,"0"
"245","1130214","Hayan ","Hayan",,"03333907627",,,NULL,,,NULL,NULL,NULL,"General","0",NULL,"0"
"55","1130034","Hayat","Hayat",NULL,"03345622788",,NULL,,,,,,,"General","0",NULL,"1"
"141","1130112","Huma 125","Huma 125",NULL,"03022948400",,NULL,,,,,,,"General","0",NULL,"4"
"163","1130133","humma 112","humma 112","humma 112","03167052277",,,NULL,,,NULL,NULL,NULL,"General","0",NULL,"1"
"140",NULL,"humma r","humma r",NULL,"03022945400",,NULL,,,,,,,"General","0",NULL,"0"
"19",NULL,"Hussain","Hussain",NULL,"03132934676",,NULL,,,,,,,"General","0",NULL,"0"
"194","1130162","HUSSAIN 11","HUSSAIN 11",,"03008201654",,,NULL,,,NULL,NULL,NULL,"General","0",NULL,"0"
"28","1130012","HUSSAIN PANJWANI","HUSSAIN PANJWANI",NULL,"03343354899",,NULL,,,,,,,"General","0",NULL,"0"
"149","1130119","Imran ","Imran ",NULL,"03112620545",,NULL,,,,,,,"General","0",NULL,"3"
"172","1130141","inam ur rehman ","inam ur rehman",,"03002279004",,,NULL,,,NULL,NULL,NULL,"General","0",NULL,"2"
"188","1130156","iqra ","iqra",,"03170823899",,,NULL,,,NULL,NULL,NULL,"General","0",NULL,"0"
"151","1130121","irfan 2","irfan 2",NULL,"03456058137",,NULL,,,,,,,"General","0",NULL,"1"
"124","1130096","irza azhar 11","irza azhar 11",NULL,"03172169385",,NULL,,,,,,,"General","0",NULL,"1"
"199","1130167","Javed","Javed",,"03112764243",,,NULL,,,NULL,NULL,NULL,"General","0",NULL,"0"
"29","1130013","Jawad Hassan","Jawad Hassan",NULL,"03322133874",,NULL,,,,,,,"General","0",NULL,"0"
"72",NULL,"jawed","jawed","Aqeel","03213001414",,"1231",,,,,,,"General","0",NULL,"0"
"213","1130182","Jaweria","Jaweria",,"03101075585",,,NULL,,,NULL,NULL,NULL,"General","0",NULL,"2"
"179","1130147","Jessica","Jessica",,"00",,,NULL,,,NULL,NULL,NULL,"General","0",NULL,"1"
"97","1130070","kabir nasir","kabir nasir",NULL,"03400281879",,NULL,,,,,,,"General","0",NULL,"0"
"81","1130054","KAMAL AHMED 1","KAMAL AHMED 1",NULL,"03333909953",,NULL,,,,,,,"General","0",NULL,"2"
"143","1130114","kamran 456","kamran 456",NULL,"03432348811",,NULL,,,,,,,"General","0",NULL,"1"
"168","1130138","Kashan","Kashan",,"03339068888",,,NULL,,,NULL,NULL,NULL,"General","0",NULL,"1"
"185","1130153","Khadim Hussain","Khadim Hussain",,"00",,,NULL,,,NULL,NULL,NULL,"General","0",NULL,"2"
"131","1130102","kiran jameel","kiran jameel",NULL,"03128370797",,NULL,,,,,,,"General","0",NULL,"2"
"85","1130058","KRISHAN 11","KRISHAN 11",NULL,"03323860313",,NULL,,,,,,,"General","0",NULL,"0"
"87","1130061","KUMAIL 11","KUMAIL 11",NULL,"03452614281",,NULL,,,,,,,"General","0",NULL,"2"
"102","1130075","laiba mustafa ","laiba mustafa ",NULL,"03239706806",,NULL,,,,,,,"General","0",NULL,"1"
"142","1130113","m  raza 11","m  raza 11",NULL,"03152563511",,NULL,,,,,,,"General","0",NULL,"0"
"148","1130118","m AHSAN 1221","m AHSAN 1221",NULL,"03332220887",,NULL,,,,,,,"General","0",NULL,"1"
"105","1130077","M asif 34","M asif 34",NULL,"03333910654",,NULL,,,,,,,"General","0",NULL,"1"
"109","1130081","M Asif m","M Asif m",NULL,"03200298480",,NULL,,,,,,,"General","0",NULL,"5"
"211","1130180","M hanif 111","M hanif 111",,"03179330205",,,NULL,,,NULL,NULL,NULL,"General","0",NULL,"0"
"134","1130106","m Qasim,16355","m Qasim,16355",NULL,"03002382234",,NULL,,,,,,,"General","0",NULL,"0"
"98","1130071","M shahid 1","M shahid 1",NULL,"03483428545",,NULL,,,,,,,"General","0",NULL,"1"
"66","1130044","M wajahat 1","M wajahat 1",NULL,"03163440540",,NULL,,,,,,,"General","0",NULL,"0"
"233","1130202","M zain","M zain",,"03112914152",,,NULL,,,NULL,NULL,NULL,"General","0",NULL,"1"
"23","1130007","Maham","Maham",NULL,"03313477680",,NULL,,,,,,,"General","0",NULL,"0"
"206","1130175","MAIRA KHAN 11","MAIRA KHAN 11",,"03333195060",,,NULL,,,NULL,NULL,NULL,"General","0",NULL,"1"
"183","1130151","Majid","Majid",,"00",,,NULL,,,NULL,NULL,NULL,"General","0",NULL,"4"
"106","1130078","mannat 111","mannat 111",NULL,"03100008048",,NULL,,,,,,,"General","0",NULL,"1"
"112","1130084","maria 56","maria 56",NULL,"03172352980",,NULL,,,,,,,"General","0",NULL,"2"
"235","1130204","maryam qurashi ","maryam qurashi",,"03222065515",,,NULL,,,NULL,NULL,NULL,"General","0",NULL,"2"
"101","1130074","mehak 1112","mehak 1112",NULL,"03462307823",,NULL,,,,,,,"General","0",NULL,"0"
"210","1130179","mehar nasir 11","mehar nasir 11",,"03344089536",,,NULL,,,NULL,NULL,NULL,"General","0",NULL,"0"
"182","1130150","Mehreen Raza","Mehreen Raza",,"03452101378",,,NULL,,,NULL,NULL,NULL,"General","0",NULL,"1"
"250","1130219","Mehreen sajid 11","Mehreen sajid 11",,"03138876828",,,NULL,,,NULL,NULL,NULL,"General","0",NULL,"2"
"79",NULL,"MEHROON NISA 00","MEHROON NISA 00",NULL,"03132049270",,NULL,,,,,,,"General","0",NULL,"1"
"33","1130017","Minahil","Minahil",NULL,"03009234279",,NULL,,,,,,,"General","0",NULL,"2"
"60",NULL,"minahil","minahil",NULL,"03103820960",,NULL,,,,,,,"New Customer (+10)","0",NULL,"0"
"216","1130185","MIS ZEENAT 11","MIS ZEENAT 11",,"03172891900",,,NULL,,,NULL,NULL,NULL,"General","0",NULL,"0"
"174","1130143","misbah 11","misbah 11",,"03148029484",,,NULL,,,NULL,NULL,NULL,"General","0",NULL,"3"
"108","1130080","Miss Arzu PA0049u with  stiching ","Miss Arzu PA0049u with  stiching ",NULL,"03482019165",,NULL,,,,,,,"General","0",NULL,"2"
"54","1130033","Mohammad Anwar","Mohammad Anwar",NULL,"03332136967",,NULL,,,,,,,"General","0",NULL,"0"
"27","1130011","Mohammad Jawaid","Mohammad Jawaid",NULL,"03354414151",,NULL,,,,,,,"General","0",NULL,"2"
"123","1130095","MR AMMAR","MR AMMAR",NULL,"03153776496",,NULL,,,,,,,"General","0",NULL,"3"
"166","1130136","Mrs Adil","Mrs Adil",,"03080007756",,,NULL,,,NULL,NULL,NULL,"General","0",NULL,"2"
"53","1130032","Mrs Arif","Mrs Arif",NULL,"03322412766",,NULL,,,,,,,"General","0",NULL,"0"
"138","1130110","mrs ashfaq 12","mrs ashfaq 12",NULL,"03212164191",,NULL,,,,,,,"General","0",NULL,"2"
"65","1130043","mrs asim","mrs asim",NULL,"03333052268",,NULL,,,,,,,"General","0",NULL,"0"
"247","1130216","MRs Bhagwani ","MRs Bhagwani",,"03002550638",,,NULL,,,NULL,NULL,NULL,"General","0",NULL,"2"
"209","1130178","Mrs Daniyal","Mrs Daniyal",,"03146637998",,,NULL,,,NULL,NULL,NULL,"General","0",NULL,"0"
"80","1130053","MRS FAHEEM","MRS FAHEEM",NULL,"03212867699",,NULL,,,,,,,"General","0",NULL,"0"
"197","1130165","Mrs Mubeen","Mrs Mubeen",,"03233337690",,,NULL,,,NULL,NULL,NULL,"General","0",NULL,"0"
"225","1130194","MRS NAYAR 11","MRS NAYAR 11",,"03009273161",,,NULL,,,NULL,NULL,NULL,"General","0",NULL,"0"
"208","1130177","Mrs Shazhzad","Mrs Shazhzad",,"03002230739",,,NULL,,,NULL,NULL,NULL,"General","0",NULL,"0"
"147","1130117","MRS SIRAJ 12","MRS SIRAJ 12",NULL,"03012318112",,NULL,,,,,,,"General","0",NULL,"3"
"184","1130152","Muhammad Ali","Muhammad Ali",,"03142241811",,,NULL,,,NULL,NULL,NULL,"General","0",NULL,"0"
"236","1130205","Muhammad hanif","Muhammad hanif",,"03212423060",,,NULL,,,NULL,NULL,NULL,"General","0",NULL,"0"
"48","1130027","muhammad imran ","muhammad imran ",NULL,"03402131882",,NULL,,,,,,,"General","0",NULL,"1"
"126","1130098","muhammad kamil","muhammad kamil",NULL,"03123777370",,NULL,,,,,,,"General","0",NULL,"2"
"61","1130039","Muhammad qasim ","Muhammad qasim ",NULL,"03343557398",,NULL,,,,,,,"General","0",NULL,"4"
"191","1130159","MUHAMMAD SAEED 11","MUHAMMAD SAEED 11",,"03005049209",,,NULL,,,NULL,NULL,NULL,"General","0",NULL,"2"
"21","1130006","Muhammad Taha","Muhammad Taha",NULL,"03187379836",,NULL,,,,,,,"General","0",NULL,"0"
"25","1130009","Muskan","Muskan",NULL,"03102127535",,NULL,,,,,,,"General","0",NULL,"1"
"234","1130203","nabeel 11","nabeel 11",,"03142776663",,,NULL,,,NULL,NULL,NULL,"General","0",NULL,"0"
"20","1130005","Nameera","Nameera",NULL,"03156848602",,NULL,,,,,,,"General","0",NULL,"0"
"237","1130206","nisar ahmed","nisar ahmed",,"03452796520",,,NULL,,,NULL,NULL,NULL,"General","0",NULL,"1"
"107","1130079","Noman 2111","Noman 2111",NULL,"03102329411",,NULL,,,,,,,"General","0",NULL,"0"
"118","1130090","norr e haram 11","norr e haram 11",NULL,"03222703002",,NULL,,,,,,,"General","0",NULL,"2"
"92","1130064","nosheen 111","nosheen 111",NULL,"03222189175",,NULL,,,,,,,"General","0",NULL,"0"
"224","1130193","OSAMA AZIZ ","OSAMA AZIZ",,"03333149397",,,NULL,,,NULL,NULL,NULL,"General","0",NULL,"1"
"35","1130060","pehnawa","pehnawa",NULL,"03332712121",,NULL,,,,,,,"General","0",NULL,"0"
"56","1130035","Preeti","Preeti",NULL,"03332634476",,NULL,,,,,,,"General","0",NULL,"1"
"219","1130188","PRO AFROZA 11","PRO AFROZA 11",,"01947710911",,,NULL,,,NULL,NULL,NULL,"General","0",NULL,"4"
"186","1130154","rabia saeed10","rabia saeed10",,"03003772680",,,NULL,,,NULL,NULL,NULL,"General","0",NULL,"0"
"77","1130052","RAMAL 1","RAMAL 1",NULL,"03322395475",,NULL,,,,,,,"General","0",NULL,"2"
"243","1130212","ratna ","ratna",,"0333234177",,,NULL,,,NULL,NULL,NULL,"General","0",NULL,"1"
"218","1130187","RAYYAN 11","RAYYAN 11",,"03332397203",,,NULL,,,NULL,NULL,NULL,"General","0",NULL,"0"
"24","1130008","Rehana Waqar","Rehana Waqar",NULL,"03453448496",,NULL,,,,,,,"General","0",NULL,"1"
"70","1130048","RUBINA 1","RUBINA 1",NULL,"03121256117",,NULL,,,,,,,"General","0",NULL,"7"
"223","1130192","RUSSAL ","RUSSAL",,"01755630870",,,NULL,,,NULL,NULL,NULL,"General","0",NULL,"2"
"42","1130021","SAAD KHAN","SAAD KHAN",NULL,"03101091195",,NULL,,,,,,,"General","0",NULL,"1"
"43","1130022","SABA","SABA",NULL,"03022439655",,NULL,,,,,,,"General","0",NULL,"1"
"125","1130097","Saba imran ","Saba imran ",NULL,"03302980966",,NULL,,,,,,,"General","0",NULL,"0"
"62","1130040","sabooh","sabooh",NULL,"03125250425",,NULL,,,,,,,"General","0",NULL,"0"
"189","1130157","SADAN ALI 11","SADAN ALI 11",,"03172800961",,,NULL,,,NULL,NULL,NULL,"General","0",NULL,"0"
"67","1130045","sadaqat 1","sadaqat 1",NULL,"03004881820",,NULL,,,,,,,"General","0",NULL,"1"
"167","1130137","Sahira Kamran","Sahira Kamran",,"03000211291",,,NULL,,,NULL,NULL,NULL,"General","0",NULL,"3"
"26","1130010","SAIDA REHMAN","SAIDA REHMAN",NULL,"03452128428",,NULL,,,,,,,"General","0",NULL,"1"
"93","1130066","SAlah uddin  2123","SAlah uddin  2123",NULL,"03491826765",,NULL,,,,,,,"General","0",NULL,"1"
"249","1130218","salman 11","salman 11",,"03282837027",,,NULL,,,NULL,NULL,NULL,"General","0",NULL,"0"
"52","1130031","sameer","sameer",NULL,"03352655239",,NULL,,,,,,,"General","0",NULL,"2"
"246","1130215","sana","sana",,"03172670159",,,NULL,,,NULL,NULL,NULL,"General","0",NULL,"1"
"99","1130072","sana 111","sana 111",NULL,"03472842167",,NULL,,,,,,,"General","0",NULL,"0"
"238","1130207","sanna ullah ","sanna ullah",,"03183307971",,,NULL,,,NULL,NULL,NULL,"General","0",NULL,"0"
"252","1130221","sarim 11","sarim 11",,"03325400040",,,NULL,,,NULL,NULL,NULL,"General","0",NULL,"1"
"121","1130092","sawera","sawera",NULL,"03120215199",,NULL,,,,,,,"General","0",NULL,"0"
"178","1130146","Shabana 22","Shabana 22",,"03290983080",,,NULL,,,NULL,NULL,NULL,"General","0",NULL,"0"
"136","1130108","shahbaz 123","shahbaz 123",NULL,"03249912244",,NULL,,,,,,,"General","0",NULL,"1"
"129","1130103","shahida ashraf","shahida ashraf",NULL,"03192715163",,NULL,,,,,,,"General","0",NULL,"4"
"37","1130020","Shahrukh ","Shahrukh ",NULL,"03222653089",,NULL,,,,,,,"General","0",NULL,"0"
"180","1130148","Shahrukh","Shahrukh",,"03152993050",,,NULL,,,NULL,NULL,NULL,"General","0",NULL,"0"
"207","1130176","Shahrukh","Shahrukh",,"03482209946",,,NULL,,,NULL,NULL,NULL,"General","0",NULL,"1"
"239","1130208","Sharjeel","Sharjeel",,"03343606248",,,NULL,,,NULL,NULL,NULL,"General","0",NULL,"1"
"242","1130211","shayan","shayan",,"03322309085",,,NULL,,,NULL,NULL,NULL,"General","0",NULL,"1"
"146","1130116","SHAZIA 151","SHAZIA 151",NULL,"03168473604",,NULL,,,,,,,"General","0",NULL,"6"
"135","1130107","Shazmeen","Shazmeen",NULL,"03082406493",,NULL,,,,,,,"General","0",NULL,"1"
"203","1130171","Sheikh Mohd Yousuf","Sheikh Mohd Yousuf",,"03001899617",,,NULL,,,NULL,NULL,NULL,"General","0",NULL,"2"
"221","1130190","SHIREEN REHMAN ","SHIREEN REHMAN",,"01777665505",,,NULL,,,NULL,NULL,NULL,"General","0",NULL,"0"
"69","1130047","SHUMAILA 1","SHUMAILA 1",NULL,"03025330707",,NULL,,,,,,,"General","0",NULL,"2"
"71","1130049","SIDRA ","SIDRA ","E-Consultants","03052726215",,"12312312",,,,,,,"General","0",NULL,"0"
"111","1130083","siya 456","siya 456",NULL,"03362012816",,NULL,,,,,,,"General","0",NULL,"1"
"160","1130130","Sofia","Sofia","Sofia","03060372007",,,NULL,,,NULL,NULL,NULL,"General","0",NULL,"6"
"244","1130213","Sohail","Sohail",,"03040854234",,,NULL,,,NULL,NULL,NULL,"General","0",NULL,"2"
"165","1130135","Soma","Soma",,"03278262802",,,NULL,,,NULL,NULL,NULL,"General","0",NULL,"1"
"83","1130056","SORIAYA ATHER ","SORIAYA ATHER ",NULL,"03002123086",,NULL,,,,,,,"General","0",NULL,"0"
"103",NULL,"sss","sss",NULL,"11",,NULL,,,,,,,"General","0",NULL,"0"
"230","1130199","sultan","sultan",,"0",,,NULL,,,NULL,NULL,NULL,"General","0",NULL,"0"
"51","1130030","sumaira iftikhar","sumaira iftikhar",NULL,"03332850711",,NULL,,,,,,,"General","0",NULL,"2"
"49","1130028","sumaiya saudia","sumaiya saudia",NULL,"+23058178322",,NULL,,,,,,,"General","0",NULL,"15"
"100","1130073","suraj 11","suraj 11",NULL,"03332461793",,NULL,,,,,,,"General","0",NULL,"0"
"84","1130057","SYED aDNAN ALI 111","SYED aDNAN ALI 111",NULL,"03342238877",,NULL,,,,,,,"General","0",NULL,"0"
"36","1130019","Syed Irfan Raza Shah","Syed Irfan Raza Shah",NULL,"03351245756",,NULL,,,,,,,"General","0",NULL,"0"
"222","1130191","SYEDA LAIBA 11","SYEDA LAIBA 11",,"03173667200",,,NULL,,,NULL,NULL,NULL,"General","0",NULL,"1"
"32","1130016","Syeda Rizvi","Syeda Rizvi",NULL,"+19092250437",,NULL,,,,,,,"General","0",NULL,"1"
"158","1130128","tabeer 11","tabeer 11",NULL,"03052293377",,NULL,,,,,,,"General","0",NULL,"0"
"130","1130101","Tahir","Tahir",NULL,"03212762169",,NULL,,,,,,,"General","0",NULL,"0"
"173","1130142","tanisha","tanisha",,"03",,,NULL,,,NULL,NULL,NULL,"General","0",NULL,"0"
"217","1130186","TARAB 11","TARAB 11",,"03337186693",,,NULL,,,NULL,NULL,NULL,"General","0",NULL,"1"
"119","1130091","tasleem","tasleem",NULL,"00",,NULL,,,,,,,"General","0",NULL,"0"
"12","1130003","TCS","TCS",NULL,"1231212211","tcs@tcs.com",NULL,,"DHA","Karachi",,,,"General","0",NULL,"0"
"34","1130018","Tehseen","Tehseen",NULL,"03002526030",,NULL,,,,,,,"General","0",NULL,"1"
"15","1130001","Ali Mujtaba","test",NULL,"03122371800","alimujtabadevjani2001@gmail.com",NULL,,"Soldeir bazar","karachi",,"74000","Pakistan","General","0",NULL,"0"
"16",NULL,"imran","test",NULL,"03345005459","pehnawastore.pk@gmail.com",NULL,,"Mashallah arcade flat#3 (1st floor Gali # 3 nai basti near aqsa masjid clifton","KARACHI",,,"Pakistan","General","0",NULL,"0"
"159","1130129","testing","testing",,"00",,,NULL,,,NULL,NULL,NULL,"General","0",NULL,"0"
"122","1130094","Travor","Travor",NULL,"03352064998",,NULL,,,,,,,"General","0",NULL,"5"
"190","1130158","UMME AMMARA","UMME AMMARA",,"03032905840",,,NULL,,,NULL,NULL,NULL,"General","0",NULL,"0"
"253","1130222","usma asim","usma asim",,"03222980685",,,NULL,,,NULL,NULL,NULL,"General","0",NULL,"1"
"63","1130041","usman sadiq","usman sadiq",NULL,"03214956851",,NULL,,,,,,,"General","0",NULL,"0"
"202","1130170","Uzma Hashmi","Uzma Hashmi",,"03423555005",,,NULL,,,NULL,NULL,NULL,"General","0",NULL,"1"
"139","1130111","vishal 121","vishal 121",NULL,"03337341615",,NULL,,,,,,,"General","0",NULL,"1"
"1","1130002","Walk-in Customer","Walk-in Customer",NULL,"000000000","walkin@digitalconsultants.com.pk",NULL,,"-","Karachi","Sindh","46000","Pakistan","General","0","20000.0000","168"
"128","1130100","Waqar manzoor 12415","Waqar manzoor 12415",NULL,"03131237144",,NULL,,,,,,,"General","0",NULL,"0"
"226","1130195","Warda Kanwal","Warda Kanwal",,"03161028940",,,NULL,,,NULL,NULL,NULL,"General","0",NULL,"1"
"73","1130173","waris","waris","arast","03213001414",,"123",,,,,,,"General","0",NULL,"1"
"74",NULL,"WARIS","WARIS","araast004","021164545",,"12312",,,,,,,"General","0",NULL,"0"
"75","1130051","YASMEEN 54","YASMEEN 54","Zohaib","03113714274",,"1234",,,,,,,"General","0",NULL,"3"
"68","1130046","younus 1","younus 1",NULL,"03215055648",,NULL,,,,,,,"General","0",NULL,"1"
"220","1130189","YOUNUS INAYAT","YOUNUS INAYAT",,"03452444773",,,NULL,,,NULL,NULL,NULL,"General","0",NULL,"2"
"152","1130122","zahid 1","zahid 1",NULL,"03332315246",,NULL,,,,,,,"General","0",NULL,"0"
"228","1130197","zainab ansari","zainab ansari",,"03161166890",,,NULL,,,NULL,NULL,NULL,"General","0",NULL,"0"
"232","1130201","zakia 11","zakia 11",,"0",,,NULL,,,NULL,NULL,NULL,"General","0",NULL,"0"
"64","1130042","zara kamran ","zara kamran ",NULL,"03152061004",,NULL,,,,,,,"General","0",NULL,"1"
"88","1130062","zeeshan 122","zeeshan 122",NULL,"03127804664",,NULL,,,,,,,"General","0",NULL,"1"
"104","1130076","zeeshan 85","zeeshan 85",NULL,"03131000619",,NULL,,,,,,,"General","0",NULL,"2"
"44","1130023","ZEESHAN GHORI","ZEESHAN GHORI",NULL,"03149240354",,NULL,,,,,,,"General","0",NULL,"2"
"193","1130161","ZIA 11","ZIA 11",,"03152457973",,,NULL,,,NULL,NULL,NULL,"General","0",NULL,"1"
"144",NULL,"ZUBAIRA ","ZUBAIRA ",NULL,"03362459207",,NULL,,,,,,,"General","0",NULL,"0"
"145","1130115","zUNAIRA","zUNAIRA",NULL,"03362459207",,NULL,,,,,,,"General","0",NULL,"-2"
