"supplier_id","supplier_name","transactional_account_id","voucher_date","voucher_no","reference_type","reference_id","narration","debit","credit","running_balance"
"17","Araast","2110003","2026-08-28","JV-004574","purchase","16","Purchase PO/2026/08/0012","0.0000","1022750.0000","1022750.0000"
"17","Araast","2110003","2026-08-28","JV-004575","purchase","17","Purchase PO/2026/08/0013","0.0000","819400.0000","1842150.0000"
"17","Araast","2110003","2026-08-28","JV-004576","purchase","18","Purchase PO/2026/08/0014","0.0000","743400.0000","2585550.0000"
"17","Araast","2110003","2026-08-28","JV-004577","purchase","33","Purchase 000564","0.0000","1111350.0000","3696900.0000"
"17","Araast","2110003","2026-08-28","JV-004578","purchase","15","Purchase PO/2026/08/0011","0.0000","537100.0000","4234000.0000"
"17","Araast","2110003","2026-08-30","JV-001278","purchase","26","Purchase 000562","0.0000","189600.0000","4423600.0000"
"17","Araast","2110003","2026-08-31","JV-000164","purchase","113","Purchase PO/2026/08/0022","0.0000","189600.0000","4613200.0000"
"17","Araast","2110003","2026-09-01","JV-000255","purchase","115","Purchase PO/2026/09/0024","0.0000","336800.0000","4950000.0000"
"17","Araast","2110003","2026-09-01","JV-001255","purchase","28","Purchase 000563 AND 000561","0.0000","253150.0000","5203150.0000"
"17","Araast","2110003","2026-09-09","JV-001281","purchase","40","Purchase 000570","0.0000","16000.0000","5219150.0000"
"17","Araast","2110003","2026-09-11","JV-001264","purchase","46","Purchase 000573","0.0000","243600.0000","5462750.0000"
"17","Araast","2110003","2026-09-11","JV-001283","purchase","44","Purchase PO/2026/09/0031","0.0000","7950.0000","5470700.0000"
"17","Araast","2110003","2026-09-11","JV-004580","purchase","42","Purchase 000574?","0.0000","51500.0000","5522200.0000"
"17","Araast","2110003","2026-09-12","JV-001285","purchase","48","Purchase 000572","0.0000","269700.0000","5791900.0000"
"17","Araast","2110003","2026-09-14","JV-001288","purchase","58","Purchase 000584","0.0000","288000.0000","6079900.0000"
"17","Araast","2110003","2026-09-14","JV-001290","purchase","60","Purchase 586","0.0000","57000.0000","6136900.0000"
"17","Araast","2110003","2026-09-14","JV-004579","purchase","59","Purchase 585","0.0000","63150.0000","6200050.0000"
"17","Araast","2110003","2026-09-16","JV-001272","purchase","73","Purchase 588","0.0000","78950.0000","6279000.0000"
"17","Araast","2110003","2026-09-17","JV-001273","purchase","76","Purchase bill #611 bill date 19/9/26","0.0000","71750.0000","6350750.0000"
"17","Araast","2110003","2026-09-17","JV-001297","purchase","70","Purchase 590","0.0000","71500.0000","6422250.0000"
"17","Araast","2110003","2026-09-17","JV-001299","purchase","72","Purchase 598","0.0000","41500.0000","6463750.0000"
"17","Araast","2110003","2026-09-19","JV-004555","purchase","79","Purchase unsettle","0.0000","67990.0000","6531740.0000"
"17","Araast","2110003","2026-09-21","JV-001302","purchase","80","Purchase 604","0.0000","56750.0000","6588490.0000"
"17","Araast","2110003","2026-09-21","JV-001303","purchase","81","Purchase 603","0.0000","38700.0000","6627190.0000"
"17","Araast","2110003","2026-09-21","JV-001305","purchase","83","Purchase bill# 605","0.0000","193500.0000","6820690.0000"
"17","Araast","2110003","2026-09-23","JV-001307","purchase","85","Purchase BILL# 000616","0.0000","40000.0000","6860690.0000"
"17","Araast","2110003","2026-09-26","JV-001082","purchase","90","Purchase 25/9/26 000625","0.0000","158400.0000","7019090.0000"
"17","Araast","2110003","2026-09-26","JV-001174","purchase","89","Purchase 24/9/26 000622","0.0000","275750.0000","7294840.0000"
"17","Araast","2110003","2026-09-28","JV-001175","purchase","91","Purchase 24/9/26 000621","0.0000","101500.0000","7396340.0000"
"17","Araast","2110003","2026-09-28","JV-001176","purchase","92","Purchase 24/09/26 000620","0.0000","99300.0000","7495640.0000"
"17","Araast","2110003","2026-09-28","JV-001177","purchase","93","Purchase 24/9/26 000619","0.0000","113250.0000","7608890.0000"
"17","Araast","2110003","2026-10-02","JV-004560","purchase","111","Purchase 28/09/26 000628","0.0000","18750.0000","7627640.0000"
"14","Imran","2110006","2026-10-02","JV-004508","purchase","105","Purchase DELETE","0.0000","8650.0000","8650.0000"
"14","Imran","2110006","2026-10-02","JV-004509","purchase_return","106","Purchase Return DELETE","8650.0000","0.0000","0.0000"
"177","PASAND OF LAHORE","2110005","2026-09-26","JV-001173","purchase","88","Purchase PO/2026/09/1101","0.0000","370900.0000","370900.0000"
"10","Pehnawa","2110002","2026-08-28","JV-004507","purchase","14","Purchase PO/2026/08/0010","0.0000","655000.0000","655000.0000"
"10","Pehnawa","2110002","2026-08-29","JV-001248","purchase","19","Purchase PO/2026/08/0015","0.0000","5350.0000","660350.0000"
"10","Pehnawa","2110002","2026-08-29","JV-001249","purchase","20","Purchase PO/2026/08/0016","0.0000","5350.0000","665700.0000"
"10","Pehnawa","2110002","2026-08-29","JV-001250","purchase","21","Purchase PO/2026/08/0017","0.0000","10950.0000","676650.0000"
"10","Pehnawa","2110002","2026-08-29","JV-001295","purchase","66","Purchase 48","0.0000","5550.0000","682200.0000"
"10","Pehnawa","2110002","2026-08-29","JV-004444","purchase","22","Purchase PO/2026/08/0018","0.0000","194650.0000","876850.0000"
"10","Pehnawa","2110002","2026-08-30","JV-004445","purchase","24","Purchase PO/2026/08/0020","0.0000","46600.0000","923450.0000"
"10","Pehnawa","2110002","2026-08-30","JV-004506","purchase","25","Purchase PO/2026/08/0021","0.0000","116485.0000","1039935.0000"
"10","Pehnawa","2110002","2026-08-31","JV-000201","purchase","114","Purchase PO/2026/08/0023","0.0000","7650.0000","1047585.0000"
"10","Pehnawa","2110002","2026-08-31","JV-004447","purchase","27","Purchase 54","0.0000","109450.0000","1157035.0000"
"10","Pehnawa","2110002","2026-09-02","JV-001256","purchase","29","Purchase PO/2026/09/0025","0.0000","215300.0000","1372335.0000"
"10","Pehnawa","2110002","2026-09-03","JV-000264","purchase","116","Purchase PO/2026/09/0027","0.0000","17900.0000","1390235.0000"
"10","Pehnawa","2110002","2026-09-03","JV-001257","purchase","31","Purchase 70","0.0000","9850.0000","1400085.0000"
"10","Pehnawa","2110002","2026-09-04","JV-001294","purchase","65","Purchase 96","0.0000","66050.0000","1466135.0000"
"10","Pehnawa","2110002","2026-09-05","JV-000313","purchase","117","Purchase PO/2026/09/0028","0.0000","15500.0000","1481635.0000"
"10","Pehnawa","2110002","2026-09-05","JV-001258","purchase","32","Purchase PO/2026/09/0028 BILL?","0.0000","20700.0000","1502335.0000"
"10","Pehnawa","2110002","2026-09-05","JV-001260","purchase","36","Purchase 98","0.0000","77550.0000","1579885.0000"
"10","Pehnawa","2110002","2026-09-05","JV-001279","purchase","34","Purchase Poshkari Kaftan","0.0000","71550.0000","1651435.0000"
"10","Pehnawa","2110002","2026-09-07","JV-000392","purchase","118","Purchase 034","0.0000","134200.0000","1785635.0000"
"10","Pehnawa","2110002","2026-09-07","JV-001263","purchase","43","Purchase 16 BILL?","0.0000","15000.0000","1800635.0000"
"10","Pehnawa","2110002","2026-09-07","JV-001280","purchase","35","Purchase 03","0.0000","134200.0000","1934835.0000"
"10","Pehnawa","2110002","2026-09-08","JV-001396","purchase","37","Purchase EDIT","0.0000","22700.0000","1957535.0000"
"10","Pehnawa","2110002","2026-09-08","JV-001397","purchase","38","Purchase BILL?","0.0000","9400.0000","1966935.0000"
"10","Pehnawa","2110002","2026-09-09","JV-001261","purchase","39","Purchase 12","0.0000","109400.0000","2076335.0000"
"10","Pehnawa","2110002","2026-09-10","JV-001265","purchase","49","Purchase 23","0.0000","161200.0000","2237535.0000"
"10","Pehnawa","2110002","2026-09-10","JV-001282","purchase","41","Purchase 20","0.0000","21800.0000","2259335.0000"
"10","Pehnawa","2110002","2026-09-10","JV-001286","purchase","51","Purchase 15","0.0000","92800.0000","2352135.0000"
"10","Pehnawa","2110002","2026-09-12","JV-001284","purchase","47","Purchase 26","0.0000","13350.0000","2365485.0000"
"10","Pehnawa","2110002","2026-09-14","JV-001266","purchase","52","Purchase 26","0.0000","239250.0000","2604735.0000"
"10","Pehnawa","2110002","2026-09-14","JV-001267","purchase","54","Purchase 08","0.0000","117900.0000","2722635.0000"
"10","Pehnawa","2110002","2026-09-14","JV-001268","purchase","57","Purchase 33","0.0000","126600.0000","2849235.0000"
"10","Pehnawa","2110002","2026-09-14","JV-001287","purchase","55","Purchase 37","0.0000","44850.0000","2894085.0000"
"10","Pehnawa","2110002","2026-09-14","JV-001291","purchase","61","Purchase 36","0.0000","149250.0000","3043335.0000"
"10","Pehnawa","2110002","2026-09-14","JV-001296","purchase","67","Purchase 27","0.0000","55500.0000","3098835.0000"
"10","Pehnawa","2110002","2026-09-15","JV-001269","purchase","62","Purchase 11 AND 12","0.0000","78300.0000","3177135.0000"
"10","Pehnawa","2110002","2026-09-15","JV-001292","purchase","63","Purchase 34","0.0000","73100.0000","3250235.0000"
"10","Pehnawa","2110002","2026-09-15","JV-001293","purchase","64","Purchase 35","0.0000","117450.0000","3367685.0000"
"10","Pehnawa","2110002","2026-09-16","JV-001270","purchase","68","Purchase YE EDIT HOGA /2026/09/0040","0.0000","5200.0000","3372885.0000"
"10","Pehnawa","2110002","2026-09-16","JV-001271","purchase","69","Purchase 41","0.0000","68800.0000","3441685.0000"
"10","Pehnawa","2110002","2026-09-17","JV-001298","purchase","71","Purchase PO/2026/09/0041","0.0000","6200.0000","3447885.0000"
"10","Pehnawa","2110002","2026-09-17","JV-001300","purchase","74","Purchase 46","0.0000","108000.0000","3555885.0000"
"10","Pehnawa","2110002","2026-09-18","JV-001301","purchase","75","Purchase PO/2026/09/0042","0.0000","21000.0000","3576885.0000"
"10","Pehnawa","2110002","2026-09-19","JV-001274","purchase","77","Purchase PO/2026/09/0051","0.0000","95250.0000","3672135.0000"
"10","Pehnawa","2110002","2026-09-19","JV-001275","purchase","78","Purchase bill# 48","0.0000","54750.0000","3726885.0000"
"10","Pehnawa","2110002","2026-09-21","JV-001304","purchase","82","Purchase bill#29","0.0000","192000.0000","3918885.0000"
"10","Pehnawa","2110002","2026-09-22","JV-001306","purchase","84","Purchase bill #58","0.0000","177350.0000","4096235.0000"
"10","Pehnawa","2110002","2026-09-24","JV-001277","purchase","87","Purchase bill# 60","0.0000","121550.0000","4217785.0000"
"10","Pehnawa","2110002","2026-09-28","JV-001178","purchase","94","Purchase 24/09/26 62","0.0000","133850.0000","4351635.0000"
"10","Pehnawa","2110002","2026-09-29","JV-004319","purchase","95","Purchase 26/9/26 78","0.0000","147400.0000","4499035.0000"
"10","Pehnawa","2110002","2026-09-29","JV-004352","purchase","97","Purchase 26/9/26 74","0.0000","177900.0000","4676935.0000"
"10","Pehnawa","2110002","2026-09-29","JV-004517","purchase","96","Purchase 29/926 84","0.0000","103450.0000","4780385.0000"
"10","Pehnawa","2110002","2026-09-30","JV-004367","purchase","98","Purchase 26/9/26 74","0.0000","177900.0000","4958285.0000"
"10","Pehnawa","2110002","2026-09-30","JV-004368","purchase","99","Purchase 24/9/26 65","0.0000","174800.0000","5133085.0000"
"10","Pehnawa","2110002","2026-09-30","JV-004426","purchase","102","Purchase 24/9/26 63","0.0000","122080.0000","5255165.0000"
"10","Pehnawa","2110002","2026-09-30","JV-004427","purchase","101","Purchase test","0.0000","1.0000","5255166.0000"
"10","Pehnawa","2110002","2026-09-30","JV-004464","purchase","100","Purchase 24/9/26 64","0.0000","190000.0000","5445166.0000"
"10","Pehnawa","2110002","2026-10-01","JV-004439","purchase","104","Purchase 24/9/26 61","0.0000","130500.0000","5575666.0000"
"10","Pehnawa","2110002","2026-10-01","JV-004561","purchase","103","Purchase 29/9/26 82","0.0000","49600.0000","5625266.0000"
"10","Pehnawa","2110002","2026-10-02","JV-004531","purchase","108","Purchase 2/10/26 10","0.0000","47800.0000","5673066.0000"
"10","Pehnawa","2110002","2026-10-02","JV-004544","purchase","109","Purchase 25/9/26 68","0.0000","142650.0000","5815716.0000"
"10","Pehnawa","2110002","2026-10-02","JV-004559","purchase","110","Purchase 26/9/26 76","0.0000","87850.0000","5903566.0000"
"10","Pehnawa","2110002","2026-10-02","JV-004573","purchase","112","Purchase 25/9/26 69","0.0000","33000.0000","5936566.0000"
